{
    "_id" : "1",
    "name" : "Sample Template Name",
    "defaultLanguage" : "tr",
    "languages" : ["tr", "en"],
    "minorVersion": "0",
    "majorVersion": "1",
    "design" : {
        "defaultHeader": {
            "_id": "header-0",
            "_meta" : {
                "typeName":"header",
                "htmlDom" : "div"   
            },
            "style" : {
                "height" : "150px",
                "overflow": "hidden",
                "position": "relative"
            },
            "elements": [
                {
                    "_id": "txt-3",
                    "_meta": {
                        "typeName": "text",
                        "htmlDom": "label"
                    },
                    "style": {
                        "width": "50px",
                        "height": "20px"
                    },
                    "value" : "Text Header"
                }
            ]
        },
        "defaultFooter": {
            "_id": "footer-0",
            "_meta" : {
                "typeName":"footer",
                "htmlDom" : "div"   
            },
            "style" : {
                "height" : "70px",
                "overflow": "hidden",
                "position": "relative"
            }
        },
        "pages" : {
            "1": {
                "_meta": {
                    "typeName":"page",
                    "htmlDom" : "div",
                    "hasHeader": true,
                    "hasFooter": true,
                    "layout": "Columns 1-2",
                    "margin" : {
                        "top": 40,
                        "right": 40,
                        "bottom": 40,
                        "left": 40
                    }
                },
                "style" : {
                    "position": "relative",
                    "width": "900px",
                    "height": "1273px",
                    "backgrounColor": "rgb(255, 255, 255)",
                    "backgroundSize": "cover",
                    "backgroundPositon": "0px 0px",
                    "backgroundRepeat": "no-epeat",
                    "paddingTop": "1px",
                    "display":"flex",
                    "flexDirection": "column"
                },
                "elements" : [
                    {
                    "_id": "bc-1",
                    "_meta": {
                        "typeName":"body-container",
                        "htmlDom" : "div"    
                    },
                    "style": {
                        "display": "flex",
                        "flex": "1",
                        "flexDirection": "column",
                        "position": "relative",
                        "marginTop": "0px",
                        "marginRight": "40px",
                        "marginBottom": "0px",
                        "marginLeft": "40px"
                    },
                    "elements": [{
                        "_id": "bp-1-1",
                        "_meta": {
                            "typeName": "body-container-panel",
                            "htmlDom" : "div"
                        },
                        "style" : {
                            "height": "40%",
                            "position": "relative",
                            "overflow": "hidden"
                        }
                    },{
                        "_id": "bp-1-2",
                        "_meta": {
                            "typeName": "body-container-panel",
                            "htmlDom" : "div"
                        },
                        "style" : {
                            "display": "flex",
                            "flex": "1",
                            "position": "relative",
                            "overflow": "hidden"
                        },
                        "elements" : [{
                            "_id": "bp-1-2-1",
                            "_meta": {
                                "typeName": "body-container-panel",
                                "htmlDom" : "div"
                            },
                            "style" : {
                                "width": "50%",
                                "position": "relative",
                                "overflow": "hidden"
                            }
                        },{
                            "_id": "bp-1-2-2",
                            "_meta": {
                                "typeName": "body-container-panel",
                                "htmlDom" : "div"
                            },
                            "style" : {
                                "flex" : "1",
                                "position": "relative",
                                "overflow": "hidden"
                            }
                        }]
                    }]
                }]
            }
        }
    }
}